{"v":"5.1.9","fr":60,"ip":0,"op":189,"w":460,"h":530,"nm":"henduohua","ddd":0,"assets":[{"id":"image_0","w":420,"h":428,"u":"images/","p":"img_0.png"},{"id":"image_1","w":651,"h":265,"u":"images/","p":"img_1.png"},{"id":"image_2","w":505,"h":517,"u":"images/","p":"img_2.png"},{"id":"comp_8","layers":[{"ddd":0,"ind":1,"ty":3,"nm":"Null 3","sr":1,"ks":{"o":{"a":0,"k":0,"ix":11},"r":{"a":1,"k":[{"i":{"x":[0.833],"y":[0.833]},"o":{"x":[0.167],"y":[0.167]},"n":["0p833_0p833_0p167_0p167"],"t":0,"s":[0],"e":[360]},{"t":179}],"ix":10},"p":{"a":0,"k":[156,180,0],"ix":2},"a":{"a":0,"k":[0,0,0],"ix":1},"s":{"a":0,"k":[100,100,100],"ix":6}},"ao":0,"ip":0,"op":245,"st":0,"bm":0},{"ddd":0,"ind":2,"ty":2,"nm":"psd22046_0012_图层-9.png","cl":"png","parent":1,"refId":"image_0","sr":1,"ks":{"o":{"a":1,"k":[{"i":{"x":[0.833],"y":[0.833]},"o":{"x":[0.167],"y":[0.167]},"n":["0p833_0p833_0p167_0p167"],"t":168,"s":[100],"e":[0]},{"t":189}],"ix":11},"r":{"a":1,"k":[{"i":{"x":[0],"y":[1]},"o":{"x":[0.167],"y":[0.167]},"n":["0_1_0p167_0p167"],"t":25,"s":[-129.145],"e":[154.855]},{"t":58}],"ix":10},"p":{"a":0,"k":[6.54,-0.981,0],"ix":2},"a":{"a":0,"k":[414.14,409.674,0],"ix":1},"s":{"a":1,"k":[{"i":{"x":[0.667,0.667,0.667],"y":[1,1,1]},"o":{"x":[0.333,0.333,0.333],"y":[0,0,0]},"n":["0p667_1_0p333_0","0p667_1_0p333_0","0p667_1_0p333_0"],"t":26.334,"s":[0,0,100],"e":[25,25,100]},{"i":{"x":[0.667,0.667,0.667],"y":[1,1,1]},"o":{"x":[0.333,0.333,0.333],"y":[0,0,0]},"n":["0p667_1_0p333_0","0p667_1_0p333_0","0p667_1_0p333_0"],"t":39.314,"s":[25,25,100],"e":[20,20,100]},{"i":{"x":[0.667,0.667,0.667],"y":[1,1,1]},"o":{"x":[0.333,0.333,0.333],"y":[0,0,0]},"n":["0p667_1_0p333_0","0p667_1_0p333_0","0p667_1_0p333_0"],"t":53.02,"s":[20,20,100],"e":[22,22,100]},{"t":66}],"ix":6}},"ao":0,"ip":25,"op":255,"st":25,"bm":0},{"ddd":0,"ind":3,"ty":2,"nm":"psd22046_0012_图层-9.png","cl":"png","parent":1,"refId":"image_0","sr":1,"ks":{"o":{"a":1,"k":[{"i":{"x":[0.833],"y":[0.833]},"o":{"x":[0.167],"y":[0.167]},"n":["0p833_0p833_0p167_0p167"],"t":163,"s":[100],"e":[0]},{"t":184}],"ix":11},"r":{"a":1,"k":[{"i":{"x":[0],"y":[1]},"o":{"x":[0.167],"y":[0.167]},"n":["0_1_0p167_0p167"],"t":20,"s":[-129.145],"e":[106.855]},{"t":53}],"ix":10},"p":{"a":0,"k":[6.54,-0.981,0],"ix":2},"a":{"a":0,"k":[414.14,409.674,0],"ix":1},"s":{"a":1,"k":[{"i":{"x":[0.667,0.667,0.667],"y":[1,1,1]},"o":{"x":[0.333,0.333,0.333],"y":[0,0,0]},"n":["0p667_1_0p333_0","0p667_1_0p333_0","0p667_1_0p333_0"],"t":21.068,"s":[0,0,100],"e":[25,25,100]},{"i":{"x":[0.667,0.667,0.667],"y":[1,1,1]},"o":{"x":[0.333,0.333,0.333],"y":[0,0,0]},"n":["0p667_1_0p333_0","0p667_1_0p333_0","0p667_1_0p333_0"],"t":34.049,"s":[25,25,100],"e":[20,20,100]},{"i":{"x":[0.667,0.667,0.667],"y":[1,1,1]},"o":{"x":[0.333,0.333,0.333],"y":[0,0,0]},"n":["0p667_1_0p333_0","0p667_1_0p333_0","0p667_1_0p333_0"],"t":47.75,"s":[20,20,100],"e":[22,22,100]},{"t":60.734375}],"ix":6}},"ao":0,"ip":20,"op":250,"st":20,"bm":0},{"ddd":0,"ind":4,"ty":2,"nm":"psd22046_0012_图层-9.png","cl":"png","parent":1,"refId":"image_0","sr":1,"ks":{"o":{"a":1,"k":[{"i":{"x":[0.833],"y":[0.833]},"o":{"x":[0.167],"y":[0.167]},"n":["0p833_0p833_0p167_0p167"],"t":158,"s":[100],"e":[0]},{"t":179}],"ix":11},"r":{"a":1,"k":[{"i":{"x":[0],"y":[1]},"o":{"x":[0.167],"y":[0.167]},"n":["0_1_0p167_0p167"],"t":15,"s":[-129.145],"e":[51.855]},{"t":48}],"ix":10},"p":{"a":0,"k":[6.54,-0.981,0],"ix":2},"a":{"a":0,"k":[414.14,409.674,0],"ix":1},"s":{"a":1,"k":[{"i":{"x":[0.667,0.667,0.667],"y":[1,1,1]},"o":{"x":[0.333,0.333,0.333],"y":[0,0,0]},"n":["0p667_1_0p333_0","0p667_1_0p333_0","0p667_1_0p333_0"],"t":15.799,"s":[0,0,100],"e":[25,25,100]},{"i":{"x":[0.667,0.667,0.667],"y":[1,1,1]},"o":{"x":[0.333,0.333,0.333],"y":[0,0,0]},"n":["0p667_1_0p333_0","0p667_1_0p333_0","0p667_1_0p333_0"],"t":28.783,"s":[25,25,100],"e":[20,20,100]},{"i":{"x":[0.667,0.667,0.667],"y":[1,1,1]},"o":{"x":[0.333,0.333,0.333],"y":[0,0,0]},"n":["0p667_1_0p333_0","0p667_1_0p333_0","0p667_1_0p333_0"],"t":42.484,"s":[20,20,100],"e":[22,22,100]},{"t":55.466796875}],"ix":6}},"ao":0,"ip":15,"op":245,"st":15,"bm":0},{"ddd":0,"ind":5,"ty":2,"nm":"psd22046_0012_图层-9.png","cl":"png","parent":1,"refId":"image_0","sr":1,"ks":{"o":{"a":1,"k":[{"i":{"x":[0.833],"y":[0.833]},"o":{"x":[0.167],"y":[0.167]},"n":["0p833_0p833_0p167_0p167"],"t":153,"s":[100],"e":[0]},{"t":174}],"ix":11},"r":{"a":1,"k":[{"i":{"x":[0],"y":[1]},"o":{"x":[0.167],"y":[0.167]},"n":["0_1_0p167_0p167"],"t":10,"s":[-129.145],"e":[2.855]},{"t":43}],"ix":10},"p":{"a":0,"k":[6.54,-0.981,0],"ix":2},"a":{"a":0,"k":[414.14,409.674,0],"ix":1},"s":{"a":1,"k":[{"i":{"x":[0.667,0.667,0.667],"y":[1,1,1]},"o":{"x":[0.333,0.333,0.333],"y":[0,0,0]},"n":["0p667_1_0p333_0","0p667_1_0p333_0","0p667_1_0p333_0"],"t":10.533,"s":[0,0,100],"e":[25,25,100]},{"i":{"x":[0.667,0.667,0.667],"y":[1,1,1]},"o":{"x":[0.333,0.333,0.333],"y":[0,0,0]},"n":["0p667_1_0p333_0","0p667_1_0p333_0","0p667_1_0p333_0"],"t":23.516,"s":[25,25,100],"e":[20,20,100]},{"i":{"x":[0.667,0.667,0.667],"y":[1,1,1]},"o":{"x":[0.333,0.333,0.333],"y":[0,0,0]},"n":["0p667_1_0p333_0","0p667_1_0p333_0","0p667_1_0p333_0"],"t":37.217,"s":[20,20,100],"e":[22,22,100]},{"t":50.201171875}],"ix":6}},"ao":0,"ip":10,"op":240,"st":10,"bm":0},{"ddd":0,"ind":6,"ty":2,"nm":"psd22046_0012_图层-9.png","cl":"png","parent":1,"refId":"image_0","sr":1,"ks":{"o":{"a":1,"k":[{"i":{"x":[0.833],"y":[0.833]},"o":{"x":[0.167],"y":[0.167]},"n":["0p833_0p833_0p167_0p167"],"t":148,"s":[100],"e":[0]},{"t":169}],"ix":11},"r":{"a":1,"k":[{"i":{"x":[0],"y":[1]},"o":{"x":[0.167],"y":[0.167]},"n":["0_1_0p167_0p167"],"t":5,"s":[-129.145],"e":[-63.145]},{"t":38}],"ix":10},"p":{"a":0,"k":[6.54,-0.981,0],"ix":2},"a":{"a":0,"k":[414.14,409.674,0],"ix":1},"s":{"a":1,"k":[{"i":{"x":[0.667,0.667,0.667],"y":[1,1,1]},"o":{"x":[0.333,0.333,0.333],"y":[0,0,0]},"n":["0p667_1_0p333_0","0p667_1_0p333_0","0p667_1_0p333_0"],"t":5.266,"s":[0,0,100],"e":[25,25,100]},{"i":{"x":[0.667,0.667,0.667],"y":[1,1,1]},"o":{"x":[0.333,0.333,0.333],"y":[0,0,0]},"n":["0p667_1_0p333_0","0p667_1_0p333_0","0p667_1_0p333_0"],"t":18.25,"s":[25,25,100],"e":[20,20,100]},{"i":{"x":[0.667,0.667,0.667],"y":[1,1,1]},"o":{"x":[0.333,0.333,0.333],"y":[0,0,0]},"n":["0p667_1_0p333_0","0p667_1_0p333_0","0p667_1_0p333_0"],"t":31.951,"s":[20,20,100],"e":[22,22,100]},{"t":44.931640625}],"ix":6}},"ao":0,"ip":5,"op":235,"st":5,"bm":0},{"ddd":0,"ind":7,"ty":2,"nm":"psd22046_0012_图层-9.png","cl":"png","parent":1,"refId":"image_0","sr":1,"ks":{"o":{"a":1,"k":[{"i":{"x":[0.833],"y":[0.833]},"o":{"x":[0.167],"y":[0.167]},"n":["0p833_0p833_0p167_0p167"],"t":143,"s":[100],"e":[0]},{"t":164}],"ix":11},"r":{"a":1,"k":[{"i":{"x":[0],"y":[1]},"o":{"x":[0.167],"y":[0]},"n":["0_1_0p167_0"],"t":0,"s":[-129.145],"e":[-129.145]},{"t":33}],"ix":10},"p":{"a":0,"k":[6.54,-0.981,0],"ix":2},"a":{"a":0,"k":[414.14,409.674,0],"ix":1},"s":{"a":1,"k":[{"i":{"x":[0.667,0.667,0.667],"y":[1,1,1]},"o":{"x":[0.333,0.333,0.333],"y":[0,0,0]},"n":["0p667_1_0p333_0","0p667_1_0p333_0","0p667_1_0p333_0"],"t":0,"s":[0,0,100],"e":[25,25,100]},{"i":{"x":[0.667,0.667,0.667],"y":[1,1,1]},"o":{"x":[0.333,0.333,0.333],"y":[0,0,0]},"n":["0p667_1_0p333_0","0p667_1_0p333_0","0p667_1_0p333_0"],"t":12.98,"s":[25,25,100],"e":[20,20,100]},{"i":{"x":[0.667,0.667,0.667],"y":[1,1,1]},"o":{"x":[0.333,0.333,0.333],"y":[0,0,0]},"n":["0p667_1_0p333_0","0p667_1_0p333_0","0p667_1_0p333_0"],"t":26.686,"s":[20,20,100],"e":[22,22,100]},{"t":39.666015625}],"ix":6}},"ao":0,"ip":0,"op":230,"st":0,"bm":0}]},{"id":"comp_9","layers":[{"ddd":0,"ind":1,"ty":3,"nm":"Null 3","sr":1,"ks":{"o":{"a":0,"k":0,"ix":11},"r":{"a":1,"k":[{"i":{"x":[0.833],"y":[0.833]},"o":{"x":[0.167],"y":[0.167]},"n":["0p833_0p833_0p167_0p167"],"t":0,"s":[0],"e":[360]},{"t":179}],"ix":10},"p":{"a":0,"k":[156,180,0],"ix":2},"a":{"a":0,"k":[0,0,0],"ix":1},"s":{"a":0,"k":[100,100,100],"ix":6}},"ao":0,"ip":0,"op":245,"st":0,"bm":0},{"ddd":0,"ind":2,"ty":2,"nm":"psd22046_0001_图层-17.png","cl":"png","parent":1,"refId":"image_1","sr":1,"ks":{"o":{"a":1,"k":[{"i":{"x":[0.833],"y":[0.833]},"o":{"x":[0.167],"y":[0.167]},"n":["0p833_0p833_0p167_0p167"],"t":168,"s":[100],"e":[0]},{"t":189}],"ix":11},"r":{"a":1,"k":[{"i":{"x":[0],"y":[1]},"o":{"x":[0.167],"y":[0.167]},"n":["0_1_0p167_0p167"],"t":25,"s":[-129.145],"e":[154.855]},{"t":58}],"ix":10},"p":{"a":0,"k":[6.54,-0.981,0],"ix":2},"a":{"a":0,"k":[641.918,253.654,0],"ix":1},"s":{"a":1,"k":[{"i":{"x":[0.667,0.667,0.667],"y":[1,1,1]},"o":{"x":[0.333,0.333,0.333],"y":[0,0,0]},"n":["0p667_1_0p333_0","0p667_1_0p333_0","0p667_1_0p333_0"],"t":26.334,"s":[0,0,100],"e":[25,25,100]},{"i":{"x":[0.667,0.667,0.667],"y":[1,1,1]},"o":{"x":[0.333,0.333,0.333],"y":[0,0,0]},"n":["0p667_1_0p333_0","0p667_1_0p333_0","0p667_1_0p333_0"],"t":39.314,"s":[25,25,100],"e":[20,20,100]},{"i":{"x":[0.667,0.667,0.667],"y":[1,1,1]},"o":{"x":[0.333,0.333,0.333],"y":[0,0,0]},"n":["0p667_1_0p333_0","0p667_1_0p333_0","0p667_1_0p333_0"],"t":53.02,"s":[20,20,100],"e":[22,22,100]},{"t":66}],"ix":6}},"ao":0,"ip":25,"op":255,"st":25,"bm":0},{"ddd":0,"ind":3,"ty":2,"nm":"psd22046_0001_图层-17.png","cl":"png","parent":1,"refId":"image_1","sr":1,"ks":{"o":{"a":1,"k":[{"i":{"x":[0.833],"y":[0.833]},"o":{"x":[0.167],"y":[0.167]},"n":["0p833_0p833_0p167_0p167"],"t":163,"s":[100],"e":[0]},{"t":184}],"ix":11},"r":{"a":1,"k":[{"i":{"x":[0],"y":[1]},"o":{"x":[0.167],"y":[0.167]},"n":["0_1_0p167_0p167"],"t":20,"s":[-129.145],"e":[106.855]},{"t":53}],"ix":10},"p":{"a":0,"k":[6.54,-0.981,0],"ix":2},"a":{"a":0,"k":[641.918,253.654,0],"ix":1},"s":{"a":1,"k":[{"i":{"x":[0.667,0.667,0.667],"y":[1,1,1]},"o":{"x":[0.333,0.333,0.333],"y":[0,0,0]},"n":["0p667_1_0p333_0","0p667_1_0p333_0","0p667_1_0p333_0"],"t":21.068,"s":[0,0,100],"e":[25,25,100]},{"i":{"x":[0.667,0.667,0.667],"y":[1,1,1]},"o":{"x":[0.333,0.333,0.333],"y":[0,0,0]},"n":["0p667_1_0p333_0","0p667_1_0p333_0","0p667_1_0p333_0"],"t":34.049,"s":[25,25,100],"e":[20,20,100]},{"i":{"x":[0.667,0.667,0.667],"y":[1,1,1]},"o":{"x":[0.333,0.333,0.333],"y":[0,0,0]},"n":["0p667_1_0p333_0","0p667_1_0p333_0","0p667_1_0p333_0"],"t":47.75,"s":[20,20,100],"e":[22,22,100]},{"t":60.734375}],"ix":6}},"ao":0,"ip":20,"op":250,"st":20,"bm":0},{"ddd":0,"ind":4,"ty":2,"nm":"psd22046_0001_图层-17.png","cl":"png","parent":1,"refId":"image_1","sr":1,"ks":{"o":{"a":1,"k":[{"i":{"x":[0.833],"y":[0.833]},"o":{"x":[0.167],"y":[0.167]},"n":["0p833_0p833_0p167_0p167"],"t":158,"s":[100],"e":[0]},{"t":179}],"ix":11},"r":{"a":1,"k":[{"i":{"x":[0],"y":[1]},"o":{"x":[0.167],"y":[0.167]},"n":["0_1_0p167_0p167"],"t":15,"s":[-129.145],"e":[51.855]},{"t":48}],"ix":10},"p":{"a":0,"k":[6.54,-0.981,0],"ix":2},"a":{"a":0,"k":[641.918,253.654,0],"ix":1},"s":{"a":1,"k":[{"i":{"x":[0.667,0.667,0.667],"y":[1,1,1]},"o":{"x":[0.333,0.333,0.333],"y":[0,0,0]},"n":["0p667_1_0p333_0","0p667_1_0p333_0","0p667_1_0p333_0"],"t":15.799,"s":[0,0,100],"e":[25,25,100]},{"i":{"x":[0.667,0.667,0.667],"y":[1,1,1]},"o":{"x":[0.333,0.333,0.333],"y":[0,0,0]},"n":["0p667_1_0p333_0","0p667_1_0p333_0","0p667_1_0p333_0"],"t":28.783,"s":[25,25,100],"e":[20,20,100]},{"i":{"x":[0.667,0.667,0.667],"y":[1,1,1]},"o":{"x":[0.333,0.333,0.333],"y":[0,0,0]},"n":["0p667_1_0p333_0","0p667_1_0p333_0","0p667_1_0p333_0"],"t":42.484,"s":[20,20,100],"e":[22,22,100]},{"t":55.466796875}],"ix":6}},"ao":0,"ip":15,"op":245,"st":15,"bm":0},{"ddd":0,"ind":5,"ty":2,"nm":"psd22046_0001_图层-17.png","cl":"png","parent":1,"refId":"image_1","sr":1,"ks":{"o":{"a":1,"k":[{"i":{"x":[0.833],"y":[0.833]},"o":{"x":[0.167],"y":[0.167]},"n":["0p833_0p833_0p167_0p167"],"t":153,"s":[100],"e":[0]},{"t":174}],"ix":11},"r":{"a":1,"k":[{"i":{"x":[0],"y":[1]},"o":{"x":[0.167],"y":[0.167]},"n":["0_1_0p167_0p167"],"t":10,"s":[-129.145],"e":[2.855]},{"t":43}],"ix":10},"p":{"a":0,"k":[6.54,-0.981,0],"ix":2},"a":{"a":0,"k":[641.918,253.654,0],"ix":1},"s":{"a":1,"k":[{"i":{"x":[0.667,0.667,0.667],"y":[1,1,1]},"o":{"x":[0.333,0.333,0.333],"y":[0,0,0]},"n":["0p667_1_0p333_0","0p667_1_0p333_0","0p667_1_0p333_0"],"t":10.533,"s":[0,0,100],"e":[25,25,100]},{"i":{"x":[0.667,0.667,0.667],"y":[1,1,1]},"o":{"x":[0.333,0.333,0.333],"y":[0,0,0]},"n":["0p667_1_0p333_0","0p667_1_0p333_0","0p667_1_0p333_0"],"t":23.516,"s":[25,25,100],"e":[20,20,100]},{"i":{"x":[0.667,0.667,0.667],"y":[1,1,1]},"o":{"x":[0.333,0.333,0.333],"y":[0,0,0]},"n":["0p667_1_0p333_0","0p667_1_0p333_0","0p667_1_0p333_0"],"t":37.217,"s":[20,20,100],"e":[22,22,100]},{"t":50.201171875}],"ix":6}},"ao":0,"ip":10,"op":240,"st":10,"bm":0},{"ddd":0,"ind":6,"ty":2,"nm":"psd22046_0001_图层-17.png","cl":"png","parent":1,"refId":"image_1","sr":1,"ks":{"o":{"a":1,"k":[{"i":{"x":[0.833],"y":[0.833]},"o":{"x":[0.167],"y":[0.167]},"n":["0p833_0p833_0p167_0p167"],"t":148,"s":[100],"e":[0]},{"t":169}],"ix":11},"r":{"a":1,"k":[{"i":{"x":[0],"y":[1]},"o":{"x":[0.167],"y":[0.167]},"n":["0_1_0p167_0p167"],"t":5,"s":[-129.145],"e":[-63.145]},{"t":38}],"ix":10},"p":{"a":0,"k":[6.54,-0.981,0],"ix":2},"a":{"a":0,"k":[641.918,253.654,0],"ix":1},"s":{"a":1,"k":[{"i":{"x":[0.667,0.667,0.667],"y":[1,1,1]},"o":{"x":[0.333,0.333,0.333],"y":[0,0,0]},"n":["0p667_1_0p333_0","0p667_1_0p333_0","0p667_1_0p333_0"],"t":5.266,"s":[0,0,100],"e":[25,25,100]},{"i":{"x":[0.667,0.667,0.667],"y":[1,1,1]},"o":{"x":[0.333,0.333,0.333],"y":[0,0,0]},"n":["0p667_1_0p333_0","0p667_1_0p333_0","0p667_1_0p333_0"],"t":18.25,"s":[25,25,100],"e":[20,20,100]},{"i":{"x":[0.667,0.667,0.667],"y":[1,1,1]},"o":{"x":[0.333,0.333,0.333],"y":[0,0,0]},"n":["0p667_1_0p333_0","0p667_1_0p333_0","0p667_1_0p333_0"],"t":31.951,"s":[20,20,100],"e":[22,22,100]},{"t":44.931640625}],"ix":6}},"ao":0,"ip":5,"op":235,"st":5,"bm":0},{"ddd":0,"ind":7,"ty":2,"nm":"psd22046_0001_图层-17.png","cl":"png","parent":1,"refId":"image_1","sr":1,"ks":{"o":{"a":1,"k":[{"i":{"x":[0.833],"y":[0.833]},"o":{"x":[0.167],"y":[0.167]},"n":["0p833_0p833_0p167_0p167"],"t":143,"s":[100],"e":[0]},{"t":164}],"ix":11},"r":{"a":1,"k":[{"i":{"x":[0],"y":[1]},"o":{"x":[0.167],"y":[0]},"n":["0_1_0p167_0"],"t":0,"s":[-129.145],"e":[-129.145]},{"t":33}],"ix":10},"p":{"a":0,"k":[6.54,-0.981,0],"ix":2},"a":{"a":0,"k":[641.918,253.654,0],"ix":1},"s":{"a":1,"k":[{"i":{"x":[0.667,0.667,0.667],"y":[1,1,1]},"o":{"x":[0.333,0.333,0.333],"y":[0,0,0]},"n":["0p667_1_0p333_0","0p667_1_0p333_0","0p667_1_0p333_0"],"t":0,"s":[0,0,100],"e":[25,25,100]},{"i":{"x":[0.667,0.667,0.667],"y":[1,1,1]},"o":{"x":[0.333,0.333,0.333],"y":[0,0,0]},"n":["0p667_1_0p333_0","0p667_1_0p333_0","0p667_1_0p333_0"],"t":12.98,"s":[25,25,100],"e":[20,20,100]},{"i":{"x":[0.667,0.667,0.667],"y":[1,1,1]},"o":{"x":[0.333,0.333,0.333],"y":[0,0,0]},"n":["0p667_1_0p333_0","0p667_1_0p333_0","0p667_1_0p333_0"],"t":26.686,"s":[20,20,100],"e":[22,22,100]},{"t":39.666015625}],"ix":6}},"ao":0,"ip":0,"op":230,"st":0,"bm":0}]},{"id":"comp_10","layers":[{"ddd":0,"ind":1,"ty":3,"nm":"Null 3","sr":1,"ks":{"o":{"a":0,"k":0,"ix":11},"r":{"a":1,"k":[{"i":{"x":[0.833],"y":[0.833]},"o":{"x":[0.167],"y":[0.167]},"n":["0p833_0p833_0p167_0p167"],"t":0,"s":[0],"e":[360]},{"t":179}],"ix":10},"p":{"a":0,"k":[156,180,0],"ix":2},"a":{"a":0,"k":[0,0,0],"ix":1},"s":{"a":0,"k":[100,100,100],"ix":6}},"ao":0,"ip":0,"op":245,"st":0,"bm":0},{"ddd":0,"ind":2,"ty":2,"nm":"psd22046_0003_图层-15.png","cl":"png","parent":1,"refId":"image_2","sr":1,"ks":{"o":{"a":1,"k":[{"i":{"x":[0.833],"y":[0.833]},"o":{"x":[0.167],"y":[0.167]},"n":["0p833_0p833_0p167_0p167"],"t":168,"s":[100],"e":[0]},{"t":189}],"ix":11},"r":{"a":1,"k":[{"i":{"x":[0],"y":[1]},"o":{"x":[0.167],"y":[0.167]},"n":["0_1_0p167_0p167"],"t":25,"s":[-129.145],"e":[154.855]},{"t":58}],"ix":10},"p":{"a":0,"k":[6.54,-0.981,0],"ix":2},"a":{"a":0,"k":[497.955,494.864,0],"ix":1},"s":{"a":1,"k":[{"i":{"x":[0.667,0.667,0.667],"y":[1,1,1]},"o":{"x":[0.333,0.333,0.333],"y":[0,0,0]},"n":["0p667_1_0p333_0","0p667_1_0p333_0","0p667_1_0p333_0"],"t":26.334,"s":[0,0,100],"e":[25,25,100]},{"i":{"x":[0.667,0.667,0.667],"y":[1,1,1]},"o":{"x":[0.333,0.333,0.333],"y":[0,0,0]},"n":["0p667_1_0p333_0","0p667_1_0p333_0","0p667_1_0p333_0"],"t":39.314,"s":[25,25,100],"e":[20,20,100]},{"i":{"x":[0.667,0.667,0.667],"y":[1,1,1]},"o":{"x":[0.333,0.333,0.333],"y":[0,0,0]},"n":["0p667_1_0p333_0","0p667_1_0p333_0","0p667_1_0p333_0"],"t":53.02,"s":[20,20,100],"e":[22,22,100]},{"t":66}],"ix":6}},"ao":0,"ip":25,"op":255,"st":25,"bm":0},{"ddd":0,"ind":3,"ty":2,"nm":"psd22046_0003_图层-15.png","cl":"png","parent":1,"refId":"image_2","sr":1,"ks":{"o":{"a":1,"k":[{"i":{"x":[0.833],"y":[0.833]},"o":{"x":[0.167],"y":[0.167]},"n":["0p833_0p833_0p167_0p167"],"t":163,"s":[100],"e":[0]},{"t":184}],"ix":11},"r":{"a":1,"k":[{"i":{"x":[0],"y":[1]},"o":{"x":[0.167],"y":[0.167]},"n":["0_1_0p167_0p167"],"t":20,"s":[-129.145],"e":[106.855]},{"t":53}],"ix":10},"p":{"a":0,"k":[6.54,-0.981,0],"ix":2},"a":{"a":0,"k":[497.955,494.864,0],"ix":1},"s":{"a":1,"k":[{"i":{"x":[0.667,0.667,0.667],"y":[1,1,1]},"o":{"x":[0.333,0.333,0.333],"y":[0,0,0]},"n":["0p667_1_0p333_0","0p667_1_0p333_0","0p667_1_0p333_0"],"t":21.068,"s":[0,0,100],"e":[25,25,100]},{"i":{"x":[0.667,0.667,0.667],"y":[1,1,1]},"o":{"x":[0.333,0.333,0.333],"y":[0,0,0]},"n":["0p667_1_0p333_0","0p667_1_0p333_0","0p667_1_0p333_0"],"t":34.049,"s":[25,25,100],"e":[20,20,100]},{"i":{"x":[0.667,0.667,0.667],"y":[1,1,1]},"o":{"x":[0.333,0.333,0.333],"y":[0,0,0]},"n":["0p667_1_0p333_0","0p667_1_0p333_0","0p667_1_0p333_0"],"t":47.75,"s":[20,20,100],"e":[22,22,100]},{"t":60.734375}],"ix":6}},"ao":0,"ip":20,"op":250,"st":20,"bm":0},{"ddd":0,"ind":4,"ty":2,"nm":"psd22046_0003_图层-15.png","cl":"png","parent":1,"refId":"image_2","sr":1,"ks":{"o":{"a":1,"k":[{"i":{"x":[0.833],"y":[0.833]},"o":{"x":[0.167],"y":[0.167]},"n":["0p833_0p833_0p167_0p167"],"t":158,"s":[100],"e":[0]},{"t":179}],"ix":11},"r":{"a":1,"k":[{"i":{"x":[0],"y":[1]},"o":{"x":[0.167],"y":[0.167]},"n":["0_1_0p167_0p167"],"t":15,"s":[-129.145],"e":[51.855]},{"t":48}],"ix":10},"p":{"a":0,"k":[6.54,-0.981,0],"ix":2},"a":{"a":0,"k":[497.955,494.864,0],"ix":1},"s":{"a":1,"k":[{"i":{"x":[0.667,0.667,0.667],"y":[1,1,1]},"o":{"x":[0.333,0.333,0.333],"y":[0,0,0]},"n":["0p667_1_0p333_0","0p667_1_0p333_0","0p667_1_0p333_0"],"t":15.799,"s":[0,0,100],"e":[25,25,100]},{"i":{"x":[0.667,0.667,0.667],"y":[1,1,1]},"o":{"x":[0.333,0.333,0.333],"y":[0,0,0]},"n":["0p667_1_0p333_0","0p667_1_0p333_0","0p667_1_0p333_0"],"t":28.783,"s":[25,25,100],"e":[20,20,100]},{"i":{"x":[0.667,0.667,0.667],"y":[1,1,1]},"o":{"x":[0.333,0.333,0.333],"y":[0,0,0]},"n":["0p667_1_0p333_0","0p667_1_0p333_0","0p667_1_0p333_0"],"t":42.484,"s":[20,20,100],"e":[22,22,100]},{"t":55.466796875}],"ix":6}},"ao":0,"ip":15,"op":245,"st":15,"bm":0},{"ddd":0,"ind":5,"ty":2,"nm":"psd22046_0003_图层-15.png","cl":"png","parent":1,"refId":"image_2","sr":1,"ks":{"o":{"a":1,"k":[{"i":{"x":[0.833],"y":[0.833]},"o":{"x":[0.167],"y":[0.167]},"n":["0p833_0p833_0p167_0p167"],"t":153,"s":[100],"e":[0]},{"t":174}],"ix":11},"r":{"a":1,"k":[{"i":{"x":[0],"y":[1]},"o":{"x":[0.167],"y":[0.167]},"n":["0_1_0p167_0p167"],"t":10,"s":[-129.145],"e":[2.855]},{"t":43}],"ix":10},"p":{"a":0,"k":[6.54,-0.981,0],"ix":2},"a":{"a":0,"k":[497.955,494.864,0],"ix":1},"s":{"a":1,"k":[{"i":{"x":[0.667,0.667,0.667],"y":[1,1,1]},"o":{"x":[0.333,0.333,0.333],"y":[0,0,0]},"n":["0p667_1_0p333_0","0p667_1_0p333_0","0p667_1_0p333_0"],"t":10.533,"s":[0,0,100],"e":[25,25,100]},{"i":{"x":[0.667,0.667,0.667],"y":[1,1,1]},"o":{"x":[0.333,0.333,0.333],"y":[0,0,0]},"n":["0p667_1_0p333_0","0p667_1_0p333_0","0p667_1_0p333_0"],"t":23.516,"s":[25,25,100],"e":[20,20,100]},{"i":{"x":[0.667,0.667,0.667],"y":[1,1,1]},"o":{"x":[0.333,0.333,0.333],"y":[0,0,0]},"n":["0p667_1_0p333_0","0p667_1_0p333_0","0p667_1_0p333_0"],"t":37.217,"s":[20,20,100],"e":[22,22,100]},{"t":50.201171875}],"ix":6}},"ao":0,"ip":10,"op":240,"st":10,"bm":0},{"ddd":0,"ind":6,"ty":2,"nm":"psd22046_0003_图层-15.png","cl":"png","parent":1,"refId":"image_2","sr":1,"ks":{"o":{"a":1,"k":[{"i":{"x":[0.833],"y":[0.833]},"o":{"x":[0.167],"y":[0.167]},"n":["0p833_0p833_0p167_0p167"],"t":148,"s":[100],"e":[0]},{"t":169}],"ix":11},"r":{"a":1,"k":[{"i":{"x":[0],"y":[1]},"o":{"x":[0.167],"y":[0.167]},"n":["0_1_0p167_0p167"],"t":5,"s":[-129.145],"e":[-63.145]},{"t":38}],"ix":10},"p":{"a":0,"k":[6.54,-0.981,0],"ix":2},"a":{"a":0,"k":[497.955,494.864,0],"ix":1},"s":{"a":1,"k":[{"i":{"x":[0.667,0.667,0.667],"y":[1,1,1]},"o":{"x":[0.333,0.333,0.333],"y":[0,0,0]},"n":["0p667_1_0p333_0","0p667_1_0p333_0","0p667_1_0p333_0"],"t":5.266,"s":[0,0,100],"e":[25,25,100]},{"i":{"x":[0.667,0.667,0.667],"y":[1,1,1]},"o":{"x":[0.333,0.333,0.333],"y":[0,0,0]},"n":["0p667_1_0p333_0","0p667_1_0p333_0","0p667_1_0p333_0"],"t":18.25,"s":[25,25,100],"e":[20,20,100]},{"i":{"x":[0.667,0.667,0.667],"y":[1,1,1]},"o":{"x":[0.333,0.333,0.333],"y":[0,0,0]},"n":["0p667_1_0p333_0","0p667_1_0p333_0","0p667_1_0p333_0"],"t":31.951,"s":[20,20,100],"e":[22,22,100]},{"t":44.931640625}],"ix":6}},"ao":0,"ip":5,"op":235,"st":5,"bm":0},{"ddd":0,"ind":7,"ty":2,"nm":"psd22046_0003_图层-15.png","cl":"png","parent":1,"refId":"image_2","sr":1,"ks":{"o":{"a":1,"k":[{"i":{"x":[0.833],"y":[0.833]},"o":{"x":[0.167],"y":[0.167]},"n":["0p833_0p833_0p167_0p167"],"t":143,"s":[100],"e":[0]},{"t":164}],"ix":11},"r":{"a":1,"k":[{"i":{"x":[0],"y":[1]},"o":{"x":[0.167],"y":[0]},"n":["0_1_0p167_0"],"t":0,"s":[-129.145],"e":[-129.145]},{"t":33}],"ix":10},"p":{"a":0,"k":[6.54,-0.981,0],"ix":2},"a":{"a":0,"k":[497.955,494.864,0],"ix":1},"s":{"a":1,"k":[{"i":{"x":[0.667,0.667,0.667],"y":[1,1,1]},"o":{"x":[0.333,0.333,0.333],"y":[0,0,0]},"n":["0p667_1_0p333_0","0p667_1_0p333_0","0p667_1_0p333_0"],"t":0,"s":[0,0,100],"e":[25,25,100]},{"i":{"x":[0.667,0.667,0.667],"y":[1,1,1]},"o":{"x":[0.333,0.333,0.333],"y":[0,0,0]},"n":["0p667_1_0p333_0","0p667_1_0p333_0","0p667_1_0p333_0"],"t":12.98,"s":[25,25,100],"e":[20,20,100]},{"i":{"x":[0.667,0.667,0.667],"y":[1,1,1]},"o":{"x":[0.333,0.333,0.333],"y":[0,0,0]},"n":["0p667_1_0p333_0","0p667_1_0p333_0","0p667_1_0p333_0"],"t":26.686,"s":[20,20,100],"e":[22,22,100]},{"t":39.666015625}],"ix":6}},"ao":0,"ip":0,"op":230,"st":0,"bm":0}]}],"layers":[{"ddd":0,"ind":2,"ty":0,"nm":"huahua1","refId":"comp_8","sr":1,"ks":{"o":{"a":0,"k":100,"ix":11},"r":{"a":0,"k":0,"ix":10},"p":{"a":0,"k":[299,307,0],"ix":2},"a":{"a":0,"k":[156,180,0],"ix":1},"s":{"a":0,"k":[82,82,100],"ix":6}},"ao":0,"w":312,"h":360,"ip":0,"op":50,"st":-141,"bm":0},{"ddd":0,"ind":3,"ty":0,"nm":"huahua1","refId":"comp_8","sr":1,"ks":{"o":{"a":0,"k":100,"ix":11},"r":{"a":0,"k":0,"ix":10},"p":{"a":0,"k":[299,307,0],"ix":2},"a":{"a":0,"k":[156,180,0],"ix":1},"s":{"a":0,"k":[82,82,100],"ix":6}},"ao":0,"w":312,"h":360,"ip":50,"op":189,"st":50,"bm":0},{"ddd":0,"ind":4,"ty":0,"nm":"huahua2","refId":"comp_9","sr":1,"ks":{"o":{"a":0,"k":100,"ix":11},"r":{"a":0,"k":0,"ix":10},"p":{"a":0,"k":[174,182,0],"ix":2},"a":{"a":0,"k":[156,180,0],"ix":1},"s":{"a":0,"k":[62,62,100],"ix":6}},"ao":0,"w":312,"h":360,"ip":0,"op":25,"st":-166,"bm":0},{"ddd":0,"ind":5,"ty":0,"nm":"huahua2","refId":"comp_9","sr":1,"ks":{"o":{"a":0,"k":100,"ix":11},"r":{"a":0,"k":0,"ix":10},"p":{"a":0,"k":[174,182,0],"ix":2},"a":{"a":0,"k":[156,180,0],"ix":1},"s":{"a":0,"k":[62,62,100],"ix":6}},"ao":0,"w":312,"h":360,"ip":25,"op":189,"st":25,"bm":0},{"ddd":0,"ind":6,"ty":0,"nm":"huahua3","refId":"comp_10","sr":1,"ks":{"o":{"a":0,"k":100,"ix":11},"r":{"a":0,"k":0,"ix":10},"p":{"a":0,"k":[140,363,0],"ix":2},"a":{"a":0,"k":[156,180,0],"ix":1},"s":{"a":0,"k":[41,41,100],"ix":6}},"ao":0,"w":312,"h":360,"ip":-0.60606060606061,"op":0,"st":-191,"bm":0},{"ddd":0,"ind":7,"ty":0,"nm":"huahua3","refId":"comp_10","sr":1,"ks":{"o":{"a":0,"k":100,"ix":11},"r":{"a":0,"k":0,"ix":10},"p":{"a":0,"k":[140,363,0],"ix":2},"a":{"a":0,"k":[156,180,0],"ix":1},"s":{"a":0,"k":[41,41,100],"ix":6}},"ao":0,"w":312,"h":360,"ip":0,"op":189,"st":0,"bm":0}],"markers":[]}